mean,std_deviation
3.7532094090958905,1.8220361497790574
282.99592876712325,9.123649344986267
100233.19724657535,770.2970409759175
